{"SVC_linear": {"f1_train": 0.0, "f1_test": 0.0}, "SVC": {"f1_train": 0.9952, "f1_test": 0.0}, "GaussianProcess": {"f1_train": 0.0, "f1_test": 0.0}, "DecisionTree": {"f1_train": 0.5, "f1_test": 0.3577235772357724}, "RandomForest": {"f1_train": 0.0, "f1_test": 0.0}, "MLP": {"f1_train": 0.27836611195158856, "f1_test": 0.2592592592592593}, "AdaBoost": {"f1_train": 0.49070631970260226, "f1_test": 0.48854961832061067}, "GaussianNB": {"f1_train": 0.1909481334654774, "f1_test": 0.15523932729624837}, "QuadraticDiscriminantAnalysis": {"f1_train": 0.14748708313762332, "f1_test": 0.14192343604108307}}